ID,ILLUM,HUMID,CO2,SOUND,TEMP,RYTHM
0,337.9,63.29,518.13,22.38,18.59,76.842525915645
1,342.96,63.19,488.85,37.36,20.41,80.5002656600671
2,369.86,57.39,516.86,26.45,20.89,80.3771007350466
3,304.65,67.8,517.5,32.98,22.52,82.9747573933523
4,442.25,68.21,500.91,37.28,21.88,83.5100854408896
5,736.84,66.18,540.48,24.58,22.51,86.0124438066406
6,460,59.88,460.3,49.72,18.76,80.8490068767079
7,394.64,64.34,519.61,35.99,19.51,81.2149887507599
8,430.41,65.21,512.5,31.24,20.32,81.0499214972787
9,432.9,63.51,412.19,38.55,20.8,78.102188348006
10,408.16,71.85,538.17,36.91,20.73,83.7632842770682
11,392.64,74.98,454.5,24.66,21.12,77.3342550100328
12,284.79,64.23,518.91,19.08,21.03,78.3820815028859
13,444.47,68.55,461.97,21.22,23.58,80.0855337990697
14,397.99,64.42,518.99,27.85,21.56,81.7347925601386
15,359.74,73.42,464.84,26.35,19.23,75.8832425221221
16,393.78,69.13,477.95,30.23,19.65,78.0838548075481
17,477.04,67.07,415.8,24.18,19.42,74.1804015528918
18,446.17,62.14,519.08,36.81,22.01,84.492513634079
19,334.03,73.59,567.12,32.39,18.29,81.0094608948372
20,390.99,62.29,463.81,31.64,21.92,80.0982146521174
21,379.24,70.2,466.4,31.76,18.57,76.5367158626444
22,346.23,67.93,474.49,24.74,19.98,76.7260447405492
23,385.8,66.51,513.31,31.5,19.09,79.4400992854604
24,447.93,65.34,546.72,40.63,19.49,83.9594151215031
25,303.87,65.15,404.05,42.79,17.86,74.3140941490598
26,540.21,68.05,493.24,32.5,19.77,80.6832455656291
27,291.4,65.93,425.79,36.36,22.31,78.7622099318732
28,620.03,68.95,526.59,26.17,18.71,80.5617396678281
29,539.9,71.64,385.9,27.98,20.33,74.9904739015374
30,501.58,73.71,471.35,28.08,21.27,79.9664080576821
31,408.14,64.46,528.47,34.98,18.87,80.8702912903242
32,510.28,69.13,483.31,31.45,21.64,81.7359394166948
33,420.26,62.21,542.06,31.78,18.16,80.2195472167524
34,562.05,66.58,529.8,27.36,18.32,80.0588474425304
35,460.19,76.4,508.85,23.91,18.94,78.1068808075041
36,593.98,64.49,528.8,36.1,16.84,80.4958379697882
37,487.84,64.82,489.65,25.97,21.69,80.7787779618261
38,404.1,68.71,424.02,20.83,19.49,73.354944773194
39,560.16,59.98,350.51,35.05,23.69,78.4912588245643
40,389.87,63.12,455.93,33.71,21.15,79.29424141275
41,296.58,65.98,515.48,30.15,20.27,79.7891027524337
42,614.66,71.6,499.02,31.81,20.51,82.2553632549792
43,460.72,65.3,437.65,40.54,19.11,78.1961429709729
44,535.67,73.66,473.12,26.63,18.52,77.072411640603
45,452.61,63.08,485.4,38.86,18,78.9630638659122
46,555.29,61.89,499.86,31.96,19.98,81.2553492106797
47,317.54,69.15,465.65,41.83,17.83,77.2713105518763
48,588.07,70.26,535.14,30.66,21.44,84.5984381042245
49,470.28,66.92,459.86,26.16,23.12,80.7274200141199
50,472.96,64.18,468.82,20.55,22.58,79.4489916672328
51,392.06,65.71,480.77,28.71,22.2,80.6472314000387
52,427.03,69.68,484.94,29.08,22.29,81.3243565506702
53,384.21,73.73,455.08,32.39,19.91,77.5912688441774
54,391.89,68.5,530.84,33.31,20.41,82.1671148354286
55,456.09,70.77,512.59,33.38,18.13,79.3513101803499
56,437.62,67.61,474.2,25.86,18.57,76.1930886716921
57,466.98,65.76,534.49,38.83,18.21,81.7542234953758
58,485.25,67.79,516.33,28.68,20.34,81.193620245211
59,537.59,65.44,475,31.49,19.03,78.7423777295137
60,444.27,62.92,499.52,36.85,20.55,81.9326523546145
61,330.22,66.92,582.33,25.31,21.83,84.0874180591744
62,420.54,65.19,364.76,26.38,19.98,72.2184364875597
63,540.08,68.4,571.02,31.89,20.45,85.1705396355758
64,595.71,69.46,465.41,45.9,19.55,82.3084557608389
65,476.53,75.65,430.41,31.56,19.64,76.6753670067316
66,434.93,68.88,521.83,23.59,21.13,80.8391893225909
67,373.3,67.41,476.76,18.92,20.22,76.1180283494863
68,451.94,65.02,475.38,28.72,21.1,79.6980692150384
69,504.49,64.86,444.47,48.62,18.19,79.5906990417154
70,512.86,71,478.32,31,16.27,75.6180355217455
71,447.31,71.15,493.16,23.61,20.76,79.1178138877446
72,394.76,71.24,426.7,24.42,20.27,74.9975366359845
73,341.71,64.31,508.85,26.34,23.66,82.707447815475
74,433.73,67.77,499.65,26.88,23.45,82.910232849777
75,378.26,55.01,498.63,40.48,20.48,82.0096604369934
76,357.03,58.56,567.36,40.73,20.07,84.8692603482624
77,436.45,66.99,466.17,45.14,17.69,78.83684738785
78,353.34,65.32,480.15,32.37,20.16,78.8474647718192
79,525.27,55.87,450.95,30.41,19.04,77.2248976694344
80,523.32,64.91,440.55,32.51,17.71,75.6898597790284
81,377.37,62.51,471.43,21.51,19.65,75.8089929954684
82,433.7,70.68,452.34,32.45,18.46,76.3192106413151
83,454.21,60.65,581.39,33.28,18.24,82.8663400094119
84,321.04,65.06,567.23,35.07,20.4,83.7398332468971
85,541.71,72.9,464.71,30.86,17.52,76.502721054098
86,530.04,73.96,474.97,39.19,18.29,79.4775404572899
87,448.45,60.9,533.43,31.93,19.29,81.2778349207045
88,459.17,75.15,520.53,30.9,21.43,82.8209409371967
89,503.98,63.29,539.77,26.56,20.74,82.5127478381446
90,384.22,72.32,482.21,29.79,19.91,78.4050565065246
91,435.11,57.89,461.84,38.11,23.39,83.3028872343537
92,574.64,62.62,413.03,36.55,17.19,75.0274005336995
93,391.52,69.33,474.28,28.66,19.19,77.0589910915911
94,575.74,69.49,535.75,26.81,18.6,80.6592845525734
95,557.9,66.56,544.17,36.41,22.36,86.9818830250452
96,334.6,70.09,482.17,30.02,18.97,77.0173925153904
97,498.29,70.65,459.74,29.51,19.49,77.7347340619141
98,501.62,68.71,511.43,31.34,19.82,81.0783343472795
99,579.22,66.69,431.93,37.4,19.72,78.9169145643524
100,448.4,66.23,514.71,24.92,19.24,78.8334392655193
101,531.62,71.55,537.24,36.68,18.24,82.0226675269231
102,390.08,58.53,522.9,32.26,22.15,83.4160148272044
103,572.36,66.31,514.42,29.06,19.62,81.1349221983145
104,328.96,68.82,494.08,34,18.66,78.0560330627535
105,323.69,59.91,479.1,25.45,18.78,75.617888041501
106,374.45,70.26,458.52,24.34,21.51,77.7359341168001
107,347.77,64.88,541.79,30.14,21.11,82.4385424256644
108,398.15,63.84,489.03,32.1,21.3,80.8432386848725
109,420.39,63.17,487.01,39.41,18.62,79.5551084157814
110,592.96,65.28,546.55,26.76,19.75,82.574566538778
111,480.26,64.59,560.16,34.92,19.49,83.7168795454791
112,369.64,56.3,473.15,50.34,21.89,84.2355830867192
113,471.24,71.37,488.96,34.39,19.72,80.22633496017
114,381.42,79.34,511.85,28.42,15.85,75.1928349595373
115,442.84,64.37,477.98,34.7,18.25,77.9162854050277
116,323.09,64.88,568.97,39.86,18.7,83.0035497742546
117,569.08,68.89,512.96,31.73,19.26,81.200297192611
118,369.6,66.19,502.72,26.74,21.83,80.7443793135413
119,421.3,62.97,496.74,33.73,19.55,79.8725781130273
120,535,60.27,482.38,34,20.97,81.7044150686551
121,465.95,71.55,505.87,22.93,19.77,78.6992801929787
122,430,60.6,435.48,36.77,16.43,74.1524606659853
123,422.43,72.76,454.67,38.54,19.72,78.9654739670632
124,453.62,67.26,515.87,24.59,21.18,80.9611650636451
125,414.14,71.06,499.61,32.66,20.74,81.0178145592393
126,432.26,68.92,412.23,23.17,23.46,77.7760954652914
127,359.99,69.22,483.53,29.87,19.63,77.9808266899337
128,627.61,60.03,455.89,35.5,19.77,80.1800827570666
129,554.18,62.39,446.78,35.32,19.61,78.8958650351361
130,409.12,76.03,510.27,20.23,17.37,75.2876330527375
131,511.08,69.78,497.96,31.45,17.34,77.8315816095822
132,357.12,66.26,517.37,23.78,22.7,81.6945184498018
133,355.25,65.95,485.35,32.81,20.01,79.0524950047613
134,429.12,60.87,477.85,33.3,20.19,79.5976127288309
135,557.17,73.36,446.39,28.17,19.73,77.54617722266
136,411.58,66.31,452.23,34.99,20.04,78.3603316398245
137,518.49,79.5,464.97,19.8,19.92,76.6136408656511
138,297.61,62.24,515.2,22.94,22.06,80.2187663863763
139,378.12,66.14,571.08,42.08,18.86,84.2069375546337
140,367.24,59.6,507.72,30.81,21.22,81.1607310096104
141,381.85,61.68,501.83,42.87,19.51,81.6488345860564
142,361.7,65.07,480.62,35.34,18.24,77.4855476218861
143,504.78,69.8,545.63,25.78,18.71,80.458391472726
144,430.55,56.25,515.5,17.42,21.41,79.5071995674423
145,476.31,65.47,526.97,26.76,19.36,80.1923589936289
146,392.52,69.73,516.43,38.94,20.01,82.1909016236713
147,500.83,64.61,473.07,28.12,19.7,78.3593051481871
148,473.59,78.51,488.88,24.23,21.65,80.215559958867
149,237.46,66.09,534.56,30.77,19.81,79.8745027982465
150,469.67,66.64,462.93,23.88,18.59,75.5115217878194
151,421.65,73.23,534.66,27.35,21.17,82.1914277386943
152,589.59,67.14,534.84,32.02,19.22,82.4821375684178
153,462.17,63.18,527.97,26.7,19.36,80.1104925476111
154,397.05,71.37,482.76,19.48,19.75,76.2267089875119
155,350.47,65.74,527.29,18.68,21.71,80.0053945058251
156,325.3,75,474.86,19.74,22.93,78.714148239908
157,324.64,77.88,458.95,27.31,20.77,77.1551078790104
158,406.37,62.19,508.18,35.25,21.18,82.3928036057117
159,464.09,66.53,491.26,16.04,19.84,76.5991596899192
160,517.5,71.95,557.98,33.03,20.8,84.9439865401353
161,375.58,69.8,446.9,24.44,19.74,75.2756179352384
162,394.49,64.66,558.34,38.87,21.31,85.6875901801619
163,595.28,64.14,401.43,25.02,23.61,79.1588037637428
164,517.18,71.05,483.34,29.58,19.3,78.8811029196792
165,509.44,58.15,470.36,38.62,20.55,81.3951249257017
166,599.02,54.57,460.97,25.17,20.25,78.5650631037645
167,616.02,71.47,431.14,28.04,22.11,79.8241244342033
168,460,61.93,473.12,35.32,20.51,80.3871380388029
169,437.96,75.3,380.53,26.74,20.63,73.9287688737421
170,470.32,63.46,481.21,37.82,23.29,84.3982777745751
171,289.01,71.51,509.97,26.22,20.01,78.3533841770793
172,311.43,59.78,521.93,37.32,19.91,81.3367454880353
173,478.05,63.57,559.05,37.51,19.96,84.6881636774383
174,572.54,64.12,409.65,35.41,21.7,79.4730660752735
175,401.01,71.24,533.44,27.3,17.9,78.4158718666326
176,424.53,74.32,461.45,36.76,18.65,77.7966738459368
177,714.73,69.14,493.07,23.74,18.26,78.697701856955
178,313,75.98,477.77,19.5,21.64,77.313095380579
179,515.73,66.91,476.76,31.22,18.63,78.1578593768836
180,455.93,61.99,506.51,32.54,22.52,83.6113829867017
181,405.26,68.35,465.03,35.01,18.19,76.9526617356363
182,437.38,73.91,534.46,33.05,19.07,81.2309421436739
183,518.46,71.8,457.88,14.74,20.49,75.824041699174
184,362.01,65.47,482.52,34.04,20.14,79.364126437001
185,437.42,57.74,557.37,27.24,23.35,85.7882311846303
186,391.05,72.58,502.93,35.08,19.97,80.6600144785481
187,268.68,48.35,538.89,48.72,19.16,83.3803353245569
188,537.95,68.93,545.48,28.47,21.76,84.5821122886727
189,492.99,62.98,486.97,30.25,19.41,79.1160386361706
190,460.93,67.67,503.34,22.38,18.52,77.0670082885539
191,342.44,70.17,495.39,22.3,21.39,78.7523201981033
192,326.93,60.68,462.63,36.4,18.96,77.2919762542642
193,398.36,62.35,415.41,31.33,20.47,76.1156414369253
194,428.97,66,518.9,38.26,21.44,84.0242189879863
195,588.64,70.66,488.37,29.48,21.43,82.0136944394641
196,459.19,66.43,538.83,40,17.34,81.2088357509762
197,248.83,76.1,586.05,19.04,20.07,80.3840779555998
198,468.52,66.42,445.46,23.26,23.38,79.6724310210067
199,614.16,62.43,522.32,35.35,18.97,82.4864565062339
200,217.19,67.34,523.36,28.92,17.62,76.3961727418568
201,519.98,77.81,518.24,28.17,20.28,81.4112502465296
202,399.42,64.49,531.98,39.22,19.05,82.0467942913526
203,575.34,70.39,492.23,27.76,20.13,80.3334258597984
204,397.58,58.33,524.54,22.02,19.91,79.0161433970684
205,455.85,64.79,520.17,29.89,19.62,80.6111977526439
206,432.86,63.74,474.36,35.54,21.52,81.3560705459808
207,458.33,67.08,486.73,21.79,18.01,75.5431703588812
208,412.26,58.03,496.2,37.32,20.18,81.1950993332174
209,389.6,71.95,544.02,25.93,22.56,83.593712857433
210,264.39,78.16,532.68,24.76,20.49,79.493776646926
211,320.38,69.39,565.06,41.61,18.56,82.9979119376102
212,367.05,66.98,465.92,28.93,20.23,77.614211597662
213,466.24,66.53,466.82,20.63,20.8,77.3875027243752
214,426.86,76.55,616.29,19.7,19.61,83.0355146258896
215,436.68,66.39,424.36,28.67,18.81,74.5410041297458
216,414.93,73.62,517.96,32.82,18.36,79.403972516764
217,343.02,66.05,464.35,25.1,21.45,77.8547254079484
218,459.88,70.51,489.49,41.08,16.77,78.3617024205535
219,484.72,69.19,486.01,19.88,25.55,83.47307352949
220,646.06,59.45,524.49,30.94,20.7,83.8155894618194
221,530.31,62.06,467.18,41.45,20.09,81.5037103132772
222,373.3,57.7,446.38,40.37,21.58,80.5253639223447
223,385.11,69.59,531.15,26.15,22.65,83.0565087899328
224,443.84,65.02,492.14,29.6,20.41,79.9038754888065
225,370.16,63.05,458.77,30.69,20.39,77.8219563104467
226,546.99,75.72,506.59,35.77,20.47,82.8414190294772
227,380.07,66.6,519.1,27.08,21.64,81.5155281275712
228,510.21,65.82,489.01,34.67,21.17,82.1811394868123
229,481.11,68.65,470.05,28.52,22.55,81.2020513016704
230,440.4,62.95,414.24,19.05,18.72,71.9722703815751
231,428.76,69.82,479.08,37.53,19.09,79.3469749080962
232,537.59,66.61,462.24,27.22,19.41,77.6290772213592
233,606,64.19,475.72,35.37,19.8,80.9925981987962
234,479.8,66.06,452.18,32.45,21.86,80.3706773891252
235,541.99,69.59,524.73,29.07,18.4,80.0781389198697
236,442.35,59.77,417,34.76,23.66,80.7223038961197
237,334.37,68.78,512.05,25.04,17.95,76.3709146775407
238,420.81,66.64,499.72,32.45,19.83,80.0535663827919
239,424.1,60.58,478.79,48.42,18.63,81.0583634397112
240,536.02,70.5,504.49,26.3,19.06,79.1550543077406
241,504.98,72.54,521.26,36.25,19.13,81.8720461667865
242,331.37,63.05,523.39,29.65,22.22,82.4786083853715
243,230.06,61,494.61,24.3,22.64,79.5300616719951
244,390.65,71.36,581.54,22.67,18.64,80.5657614394213
245,449.46,58.87,517.89,35.99,21.86,84.1286530419387
246,553.59,69.28,566.66,28.73,21.53,85.576588974908
247,270.15,67.16,507.17,21.52,19.83,76.8840717741784
248,353.68,65.49,533.47,27.47,19.79,80.0937083315122
249,408.68,71.99,557.8,29.48,19.36,81.7249986221847
250,559.77,70.85,556.73,27.1,19.5,82.6032132397581
251,434.15,71.86,522.32,25.61,20.33,80.4129507793723
252,314.57,69.58,487.6,39.96,20.69,81.0406396268158
253,377.46,58.64,488.34,28.59,20.59,79.1387574363361
254,556.07,70.83,517.61,31.35,19.95,81.9885217351331
255,584.52,73.81,523.48,24.62,20.79,82.0305119608407
256,410.3,64.98,507.4,14.88,23.6,80.768873260174
257,433.09,72.3,481.95,27.42,22.24,80.8275464468576
258,406.69,66.25,527.64,32.52,21.55,83.1989335263302
259,344.9,61.41,497.96,38.8,21.32,82.2526697357035
260,460.2,68.13,566.33,28.6,19.93,83.0178818025217
261,393.85,69.37,480.34,14.44,22.69,78.2060880722868
262,448.18,58.29,474.53,30.47,18.06,76.7055398763066
263,434.54,59.5,514.54,39.51,21.01,83.6490694289832
264,457.74,60.48,468,29.51,21.77,80.2661462274397
265,596.18,61,471.4,43.79,20.78,83.5009284078104
266,414.52,59.37,503.81,41.71,20,82.3113332664692
267,442.92,57.36,486.15,35.93,22.41,83.071040006203
268,526.76,66.93,500.62,36.41,17.14,78.9108463647984
269,407.9,59.55,451.39,33.22,22.65,80.7373988405585
270,287.57,72.2,488.35,31.14,20.13,78.4138572442597
271,541.44,72.38,506.08,26.87,20.12,80.5428358651077
272,487.97,64.67,533.74,31.34,20.45,82.7564888311897
273,454.36,68.51,486.63,24.58,19.84,78.0597378376034
274,470.35,65.62,586.57,40.24,18.41,84.8900476920546
275,405.32,64.54,543.51,21.64,20.24,80.3053230595065
276,370.82,58.18,535.54,36.87,21.24,83.8592774150752
277,293.05,62.32,474.16,26.11,20.56,77.1715713988455
278,468.85,80.2,584.84,15.84,16.4,77.5534598731185
279,563.96,68.56,447.96,38.27,18.72,78.6891460182383
280,503.3,68.35,444.71,30.26,20.45,78.2191980896828
281,381.87,64.38,433.84,22.79,21.17,75.8781083753757
282,399.73,65.52,513.91,33.51,21.67,82.7902882674617
283,510.9,70.51,466.61,31.82,19.52,78.6960756356164
284,362.03,74.21,499.52,22.02,18.01,75.4166203900923
285,406.75,60.96,491.64,35.72,20.66,81.1069598638624
286,460.06,63.75,474.93,32.74,20.63,80.0716577357018
287,406.79,66.88,549.64,20.99,15.23,75.080010113004
288,515,71.55,463.39,29.72,20.39,79.0730606130747
289,554.47,62.33,491.55,32.1,20.8,81.7481013356603
290,349.79,71.3,444.22,43.17,19.79,78.8683593923454
291,416.82,62.54,443.67,38.06,20.54,79.1548197736014
292,513.57,62.9,513.24,38.19,20.99,83.9552489510864
293,307.41,68.2,437.61,34.4,20.43,77.050425340604
294,412.93,64.04,508.25,23.43,22.25,81.151844431122
295,546.89,65.98,456.67,34.25,20.63,80.2067563898062
296,346.8,67.1,439.82,22.53,18.92,73.3975952008661
297,505.86,58.58,492.65,28.11,21.8,81.6437204190235
298,393.53,75.43,523.27,36.34,23.33,85.5848488051997
299,236.35,64.69,552.64,25.42,21.23,81.1890906418928
300,449.09,64.73,551.04,25.05,18.94,80.3551496085729
301,418.8,62.1,519.86,30.32,20.82,81.6679088639324
302,589.61,64.47,439.54,36.64,19.72,79.2264462999589
303,258.47,62.94,538.89,30.98,20.36,80.9051940099276
304,467,66.46,559.27,31.58,19.55,82.9316743226596
305,489.95,68.1,515.87,24.1,21.57,81.58694618577
306,316.88,69.17,488.31,30.68,22.35,80.960234655706
307,369.7,77.02,519.5,29.77,21.63,81.9958907946845
308,469.79,60.12,482.82,32.07,21.8,81.6713668219504
309,494.77,70.94,480.85,32.46,21.72,81.7784662963024
310,420.17,73.65,440.93,25.16,17.18,72.7398185468276
311,95.05,70.5,544.69,35.19,21.76,82.2015576077041
312,496.22,70.26,532.63,36.39,18.07,81.2502105293678
313,474.87,64.92,446.38,36.65,21.11,80.1023205024357
314,433.25,70.51,543.55,34.22,19.31,82.1517539431015
315,475.87,75.18,555.13,22.79,20.38,81.8703536798756
316,321.82,67.79,556.93,35.92,18.83,81.7141089904136
317,437.66,58.16,515.19,25.94,21.39,81.2996697426462
318,474.76,62.63,448.13,24.54,17.86,74.1649923741951
319,397.51,72.56,652.55,40.54,17.1,86.2157705302363
320,310.1,66.95,488.29,30.86,20.43,78.8666666216951
321,370.22,61.34,562.73,27.6,21.75,83.8361769352773
322,524.82,75.46,489.42,30.76,20.17,80.4332288464169
323,581.88,68.97,385.11,35.03,19.07,75.4092386999222
324,428.06,76.39,464.54,22.11,22.14,78.7055981362511
325,410.17,67.47,480.86,35.31,18.43,78.1053585408778
326,395.91,63.34,461.53,31.04,20.49,78.3575776262456
327,482.81,63.63,534.15,36.74,20.23,83.6174480684216
328,322.37,65.59,452.43,37.82,18.16,76.1758312618371
329,450.65,74.23,555.7,30.86,17.79,80.5660341332127
330,403.55,64.98,457,36.39,15.64,74.0713055533686
331,324.58,64.4,489.1,29.01,18.04,76.0648795930674
332,379.16,56.39,520.41,43.48,20.17,83.3924242657883
333,318.21,61.23,505.08,23.58,20.43,78.2608597339512
334,642.67,66.7,498.99,29.42,22.93,84.6063360926663
335,433.13,60.54,541.59,32.84,20.72,83.2885039260209
336,355.45,62.17,546.76,29.01,19.92,81.2319616222413
337,506.96,59.45,436.15,44.72,21.68,82.154051276333
338,418.36,58.45,485.78,25.31,23.6,81.9243389366111
339,590.26,64.53,503.99,48.82,20.79,86.132610991073
340,307.56,63.46,526.1,45.23,18.43,81.5572670331508
341,465.52,73.38,437.49,30.21,19.98,77.022408503437
342,432.21,74.73,525.83,19.77,22.35,81.5395024979425
343,562.84,60.83,443.92,32.99,21,79.8428871515605
344,494.91,60.73,431.2,24.33,21.18,77.0307623170491
345,532.07,63.18,476.06,28.33,20.34,79.506607071524
346,426.22,60.09,499.07,30.71,20.49,80.4179014556354
347,452.8,66.03,533.47,27.58,19,80.0999980321792
348,403.18,64.44,455.99,32.71,17.68,75.4557766495838
349,340.97,61.29,457.55,31.72,21.9,79.3588559224313
350,528.42,75.49,533.11,30.94,16.58,78.8053729623227
351,491.85,65.53,431.84,26.6,22.02,78.4151691761838
352,448.38,63.41,437.13,39.02,21.61,80.449282961229
353,494.36,56.54,500.79,33.22,18.06,78.9766175749358
354,392.54,66.17,494.35,27.44,21.69,80.5145377409894
355,430.17,67.99,572.52,26.32,21.22,83.9924653310744
356,480.51,61.09,527.99,16.82,19.76,78.646048639394
357,416.46,72.67,566.17,25.57,19.07,81.0831275657793
358,382.9,64.17,471.22,30.33,19.04,77.0184908931787
359,329.83,59.27,476,33.03,18.42,76.7006810366654
360,329.67,69.36,524,25.93,18.57,77.7817005034849
361,520.1,65.09,466.78,31.17,22.18,81.5188033210253
362,336.29,75.93,498.95,37.92,19.92,80.5352733643752
363,298.51,65.6,506.85,18.93,21.33,78.1887959825052
364,552.24,61.75,429.71,25.31,22.14,78.6800339039305
365,608,69.23,412.09,27.04,19.36,75.6294453698171
366,565.83,74.6,471.81,23.99,16.95,75.0182982875483
367,416.33,63.91,529.51,27.86,19.87,80.5920709658462
368,414.18,71.9,533.35,32.34,20.72,82.6136221110617
369,507.57,64.54,510.68,30.15,18.55,79.4729205307441
370,454.25,69.63,484.57,27.65,18.83,77.5032851385861
371,420.08,67.17,569.23,30.59,17.7,80.829977755626
372,435.76,70.59,462.48,14.51,18.87,73.5591595774539
373,427.41,59.39,492.56,42.71,18.48,80.4255130276083
374,458.83,65.17,475.88,34.03,17.78,77.2998663292442
375,528.04,66.94,466.43,24.43,22.27,80.2656427034074
376,268.61,68.05,493.37,22.66,20.46,77.0993915630779
377,494.19,74.83,462.08,36.64,20.71,80.6148089942765
378,517.06,61.62,499.56,30.49,21.48,82.2318547508758
379,391.31,71.72,480.77,24.79,18.39,75.7136339713928
380,494.38,70.29,443.03,26.54,20.02,76.8232852530192
381,404.73,70.39,486.97,22.93,19.85,77.3260679592109
382,410.85,67.63,558.82,32.5,14.96,77.6713803303514
383,364.22,66.13,562.83,28.09,18.98,80.9019382700053
384,447.95,73.26,462.81,27.88,19.12,76.7252143903252
385,505.98,66.91,454.61,34.35,21.7,80.934699257466
386,330.27,67.88,432.49,19.48,18.37,71.6651647692426
387,479.19,68.32,413.28,34.93,19.13,75.9924249807579
388,532.95,72.25,480.65,19.73,21.04,78.7125927142087
389,316.49,70.16,483.13,35.01,17.5,76.3619324987252
390,469.57,75.84,542.75,29.47,18.92,81.0107077069424
391,741.84,67.76,446.12,28.2,16.27,75.3617618922791
392,390.23,70.23,497.86,35.61,20.4,80.9744053411861
393,426.37,64.91,492.65,23.22,20.91,78.9966252666256
394,454.12,58.25,431.13,42.05,20.55,79.6833082699306
395,203.14,61.21,498.55,29.56,21.53,79.3936806683128
396,384.44,68.52,538.6,25.84,20.43,80.9615854731704
397,409.37,57.33,520.93,31.43,23.56,84.8302625835258
398,481.15,59.99,457.59,30.32,23.32,81.7857789350715
399,428.72,67.2,510.11,41.88,17.76,80.3625907420251
400,292.28,65.71,553.17,44.82,18.88,83.1797040100584
401,395.26,68.67,570.49,30,19.91,82.9467206134429
402,459.82,59.56,507.04,28.09,18.62,78.5361422228276
403,557.76,70.36,437.08,22.03,18.92,74.9369403718866
404,415.45,63.55,498.69,35.66,18.39,79.069079487449
405,469.26,62.85,483,29.33,23.46,82.898864480854
406,584.2,57.79,474.05,32.05,21.14,81.4824073850719
407,400.09,73.32,506.2,35.08,17.53,78.2653290628328
408,418.56,57.89,489.29,26.67,22.93,81.6603229772831
409,458.33,65.9,522.88,23.15,23.82,83.9016365567578
410,263.51,70.25,470.52,26.14,19.62,75.7321586200805
411,387.12,62.15,529.71,35.33,18.97,80.9354619891293
412,429.9,64.16,471.81,27.98,22.38,80.5621227430389
413,485.29,61.35,425.84,41.3,19.12,77.982803730293
414,325.1,72.26,477.03,21.87,18.62,74.6102290670226
415,497.27,69.54,482.41,22.6,20.78,78.8147652687402
416,333.18,74.4,592.07,33.03,19.99,84.2153892289186
417,461.66,67.35,448.67,28.78,19.98,77.2506883576301
418,510.32,65.63,481.27,30.6,19.34,78.9749659008964
419,374.1,66.93,559.07,27.91,19.07,80.8574606959488
420,306.29,78.42,505.82,27.04,20.83,79.3476516494978
421,493.73,67.91,520.21,32.12,21.53,83.4579038564064
422,284.03,73.11,510.01,22.42,22.13,79.8127931257115
423,443.08,63.09,425.4,42.13,19.31,77.9822161952335
424,330.09,65.08,540.57,23.11,20.56,80.1746629894928
425,409.61,61.32,517.2,28.91,20.92,81.2727544341819
426,353.19,67.47,492.75,23.03,21.85,79.3595041414084
427,354.52,69.43,525.45,27.06,20.44,80.3171805742411
428,358.65,69.87,456.79,34.54,20.58,78.6307808032814
429,448.91,59.06,494.91,36.2,19.79,80.786312015251
430,556.38,67.67,505.58,31.46,21.69,83.2921534878933
431,393.15,79.34,524.46,24.26,18.49,77.9070345095142
432,383.81,69.79,536.12,28.87,18.94,79.8532933585813
433,333.18,67.19,455.99,24.44,19.5,75.1123505620501
434,523.61,72.49,457,17.54,20.04,75.9193222642418
435,538.14,68.93,517.35,31.1,21.45,83.3916830367248
436,467.53,67.4,518.1,31.17,20.73,82.0706129228137
437,413.9,66.99,459.17,37.49,18.5,77.5829034691719
438,471.18,61.91,474.56,38.21,20.92,81.5961676404111
439,387.67,57.6,504.14,32.28,23.46,83.8779888935847
440,508.92,71.72,450.16,28.76,22.54,80.4832899452058
441,375.08,70.47,541.09,28.7,22.64,83.9866799706228
442,279.56,60.16,498.96,27.71,21.76,79.9229752286301
443,644.33,69.11,493.47,23.08,19.56,79.390030416222
444,348.68,54.74,505.62,26.22,20.58,79.2551273037273
445,471.51,64.38,457.5,36.12,22.56,82.0841070264212
446,318.17,67.54,481.72,26.96,20.91,78.3151183184234
447,502.92,66.86,503.88,28.45,18.2,78.3634658054146
448,344.73,69.33,582.97,25.66,20.71,83.1053635704061
449,512.38,64.85,550.13,28.24,20.16,82.8233326939784
450,396.79,69,537.58,28.73,17.9,78.8838407001459
451,304.98,65.86,504.93,37.61,19.34,79.8789606116663
452,519.14,75.88,508.54,38.76,18.17,80.8417607481357
453,552.48,61.77,472.53,37.27,19.99,80.9816005643607
454,294.6,64.7,465.8,26.83,21.87,78.3312697550763
455,458.81,65.05,468.79,30.32,19.92,78.4856420129587
456,442.59,64.02,473.26,34.16,20.23,79.7040326216397
457,389.2,66.37,467.75,36.57,22.49,81.9189784166209
458,492.9,64.18,503.19,30.89,20.42,81.1478841640104
459,463.58,68,557.1,36.5,17.01,81.0743140245355
460,505.58,64.75,532.24,33.8,18.59,81.3331689190493
461,460.39,63.06,472.57,30.22,19.99,78.7423829862655
462,317.47,72.69,533.85,19.6,20.48,78.9175125809088
463,518.51,63.58,488.63,38.7,18.89,80.6078171197947
464,334.81,74.82,435.7,29.56,20.44,76.1918644986042
465,309.68,64.47,532.05,26.87,19.79,79.5270028567492
466,514.45,70.54,563.74,40.73,18.68,84.5162303942698
467,399.29,62.45,454.53,28.7,20.99,78.0905948405604
468,418.03,71.3,587.47,35.02,19.88,84.9963156011287
469,454.94,73.46,468.75,27.47,21.16,79.1977217508661
470,485.68,63.36,510.03,30.29,20.16,81.0229622151396
471,435.74,62.95,489.69,29.07,20.35,79.5384362226956
472,476.45,70.5,490.27,41.75,17.86,79.8562980848839
473,466.82,61.01,490.91,26.77,23.16,82.4174022111206
474,481.99,68.66,482.62,26.82,22.07,80.9654155148522
475,435.44,69.09,537.99,25.66,20.38,81.2700823560236
476,389.91,60.34,531.11,26.98,20.17,80.5900933736927
477,523.11,65.72,512.93,34.87,21.54,83.924488918518
478,391.83,67.46,488.67,29.37,20.18,78.9958474189534
479,406.42,67.79,512.32,20.78,22.9,81.4513259529759
480,421.65,62.86,470.51,33.73,19.56,78.5775298955884
481,514.33,69.9,477.86,40.09,19.73,81.2306807211339
482,407.8,58.63,443.47,32.62,20.02,77.3775192307824
483,482.6,68.85,501.61,33.95,22.43,83.7875941444016
484,431.37,68.28,497.87,35.93,18.49,79.3265167857562
485,399.1,63.06,452.42,29.51,18.69,75.6689577063072
486,530.73,69.51,479.04,26.05,16.1,74.59313068343
487,524.2,66.22,490.26,35.69,17.87,79.0108532263532
488,392.01,60.81,524.51,32.14,20.21,81.3933677806535
489,493.01,68.37,480.9,30.87,23.26,83.0983991906615
490,440.35,61.77,495.02,15.21,24.43,81.3692579799044
491,448.51,71.69,443.51,30.25,18.72,75.8273366400011
492,350.6,63.68,499.58,25.63,21.78,80.1428796786586
493,326.68,68.79,468.03,14.06,23.39,77.7018979610406
494,582.22,66.8,484.85,38.42,21.54,83.7594136639982
495,484.27,59.6,417.33,38.51,20.98,78.9780896284532
496,448.66,60.13,506.07,36.63,21.5,83.2764039504713
497,445.88,70.61,562.22,34.35,19.37,83.2816650399081
498,339.53,70.17,489.89,42.38,19.48,80.5618472060274
499,489.59,61.64,501.62,28.5,21.92,82.1645699831902
500,340.86,67.38,474.52,29.56,18.51,76.0963625946102
501,334.74,55.75,476.83,33.06,20.96,79.5318292249544
502,473.07,66.48,549.21,21.4,20.91,81.8348124743489
503,411.77,72.13,528.15,32.63,20.19,81.8218897023042
504,317.35,73.77,530.84,33.95,20.75,82.0381797287217
505,408.27,53.59,494.54,37.19,19.29,80.0907997088823
506,350.99,67.21,519.39,31.17,19.69,80.02897021081
507,346.08,66.22,470.84,35.91,22.82,81.9285253375763
508,641.82,70.85,492.04,28.49,20.03,80.9285095101735
509,389.34,64.62,501.71,28.74,20.31,79.6349911066902
510,411.99,69.55,471.91,20.41,19.97,76.2420355381667
511,451.17,71.87,466.65,30.01,20.43,78.8005921218288
512,563.82,66.71,445.79,17.58,21.08,76.8302844785571
513,619.39,76.64,458.11,31.75,19.4,79.0432167077486
514,408.6,63.62,531.98,29.54,21.62,82.888246363372
515,539.34,56.89,411.92,27.9,21.82,77.8759929744236
516,256.53,73.87,564.35,27.38,21.67,82.8257291423009
517,354.28,73.41,579.26,34.28,18.58,82.4916735584725
518,507.92,72.54,519.55,23.02,17.95,77.7898765983682
519,425.68,66.17,541.99,40.96,22.84,87.2207317463513
520,552.64,70.45,482.21,30.5,17.82,77.7172339625121
521,391.95,65.05,498.99,31.18,17.94,77.4695108717651
522,508.16,73.45,569.21,26.69,19.36,82.5541917997531
523,526.59,71.63,509.25,26.35,18.41,78.6216732530426
524,433.87,70.29,450.55,23.28,18.17,74.0137165577182
525,376.8,73.01,429.84,30.99,18.3,74.2404930348454
526,480.65,67.05,519.77,40.31,19.44,82.7703177776582
527,525.87,70.53,515.47,17.45,22.38,81.3633370511642
528,317.23,63.66,468.44,21.87,19.69,75.2703403162375
529,517.12,70.51,494.43,31.88,20.81,81.5417787776884
530,428.86,69.7,521.64,36.13,19.63,81.7636239831001
531,470.93,62.66,442.87,23.06,18.92,74.7071660524002
532,344.61,65.31,558.47,40.16,22.06,86.3508215385071
533,406.71,61.05,471.32,34.57,17.45,76.3884900432216
534,418.22,68.44,541.29,27.67,19.88,81.1671372181087
535,222.05,65.76,516.31,24.42,21.34,79.1667416632403
536,319.14,64.41,475.5,39,18.4,77.8038727162946
537,396.56,62.55,496.34,24.53,17.98,76.0382059042546
538,514.78,75.08,580.69,31.55,19.69,84.5485029494039
539,599.67,72.14,516.85,23.6,20.01,80.7736172232431
540,463.5,64.16,433.55,27.36,21.51,77.8685706715348
541,445.1,76.24,454.04,19.93,19.33,74.8391231253253
542,391.45,64.43,458.14,31.47,18.49,76.0809897113192
543,413.52,66.8,547.91,25.42,19.95,81.0660608747439
544,302.26,69.76,559.13,33.05,20.03,82.3582422498672
545,191.13,66.46,505.33,38.35,24.47,84.6301687010463
546,382.61,63.93,441.07,33.91,17.46,74.5494897611443
547,396.79,60.78,509.56,27.24,20.48,79.9615250464572
548,553.94,68.17,528.24,26.99,20.03,81.6817798887198
549,337.59,69.07,436.66,28.45,22.64,78.4077089216136
550,392.91,69.08,486.31,27.45,21.54,79.9566313633154
551,473.42,73.04,537.09,29.66,20.79,82.8190085282705
552,414.09,63.77,543.28,19.36,23.75,83.6835490121277
553,323.12,60.26,555.3,29.45,18.02,79.4255325045077
554,407.74,65.87,462.36,25.91,21.66,78.6964233817781
555,454.17,68.73,562.74,33.79,22.23,86.3487826729731
556,369.88,56.43,401.18,26.97,19.61,73.3313575361578
557,419.24,66.64,449.75,37.67,19.33,78.0913463435823
558,447.09,74.98,467.79,16.6,21.02,76.6748321035514
559,334.51,61.74,529.77,32.39,18.39,79.2578156938569
560,571.56,68.59,423.89,37.54,20.12,78.9120143000203
561,429.85,63.52,474.59,30.8,20.47,79.2241524690284
562,415.38,67.12,470.44,30.9,19.88,78.2788243159871
563,491.46,64.29,529.45,23.17,19.01,79.3204651924662
564,400.3,72.74,532.7,31.47,20.29,81.8191785930311
565,424.15,64.17,478.11,24.49,19.35,76.8320528793241
566,516.41,71.69,463.73,38.38,17.17,77.4243644099282
567,309.84,68.72,515.29,18.31,18.57,75.5971710682228
568,295.59,65.07,487.57,26.88,25.89,83.7760852806393
569,487.21,73.16,516.39,27.69,17.91,78.3842102543668
570,334.26,65.85,476.42,32.64,19.82,78.1893950475775
571,317.09,56.22,537.43,40.14,21.03,83.9527002581903
572,512.91,72.64,470.48,25.31,16.81,74.6284555547858
573,414.05,67.71,533.11,36.5,18.14,80.6792925767397
574,540.5,70.33,449.13,40.71,17.44,77.6745252166417
575,376.09,59.06,409.51,32.91,24.04,79.8155283250452
576,396.42,63.33,494.98,36.19,22,82.7306822399531
577,460.97,61.55,483.66,37.92,18.73,79.5396240902402
578,521.01,70.81,501.11,25.58,22.17,82.0676459816269
579,418.91,73.85,403.89,27.68,18.6,72.9373621101349
580,378.56,62.32,517.29,34.14,18.84,79.8560229458232
581,339.69,60.03,457.73,37.32,22.23,80.8763703626538
582,460.84,65.38,469.39,23.78,19.86,77.1096245897439
583,460.36,71.84,480.97,25.65,21.26,79.583147173436
584,361.73,62.69,606.54,26.98,22.61,86.7501804161261
585,516.95,64.91,571.34,32.14,18.67,83.1216650939816
586,423.43,73.03,547.52,30.43,19.15,81.3071074397388
587,408.48,72.34,541.4,28.96,19.65,81.1100728794922
588,533.41,62.46,498.38,26.84,21.25,81.3045481225448
589,514.2,73.91,517.72,29.86,20.97,82.4324321490215
590,363.72,70.34,455.34,19.85,21.66,76.7161246722366
591,548.6,59.28,495.5,32.61,19.13,80.1987299693358
592,319.63,64.05,479.97,42.39,21.05,81.5959518909114
593,452.09,68.04,497.41,26.48,20.92,80.1390126407253
594,588.84,59.48,490.26,38.81,19.61,82.08266421352
595,305.59,66.34,494.9,40.45,18.97,79.5740516323067
596,331.22,68.92,498.02,30.24,18.93,77.7822514322777
597,408.05,64.89,503.25,35.37,19.18,80.0267940238693
598,518.58,72.27,537.05,22.27,21.5,82.4296736183134
599,434.14,67.18,512.59,34.33,20,81.3821946359712
600,452.69,61.15,516.44,26.03,18.61,78.5063739994281
601,417.02,63.26,510.1,33.36,20.72,81.6893262589207
602,513.18,66.79,467.57,36.01,20.32,80.49709159081
603,323.58,70.01,581.43,25.41,19.42,81.4055232794042
604,457.41,64.64,449.34,26.55,19.85,76.6447642670172
605,451.79,64.81,479.34,25.42,18.74,76.6612539561579
606,501.35,60.53,491.91,33.56,20.06,80.8222393906621
607,363.12,64.42,541.6,25.98,15.93,76.1024631331758
608,429.43,54.46,466.26,37.87,21.44,81.320524910868
609,601.69,62.27,513.35,34.59,21.75,84.7769930074944
610,507.02,67.15,465.89,22.05,15.84,72.6254847751532
611,492.1,64.26,487.15,29.75,18.62,78.160814167143
612,502.24,59.73,508.08,37.84,20.06,82.525506392578
613,466.69,74.42,450.15,35.7,21.82,80.7905937202078
614,510.18,62.33,489.15,36.04,18.77,79.8814725193568
615,415.71,72.92,578.54,33.81,20.81,85.2838421646493
616,554.6,68.23,451.62,36.05,15.29,74.6288365356424
617,382.99,75.37,569.44,29.35,20.15,82.9148981688224
618,549.94,66.77,541.59,27.54,17.67,79.8806302712301
619,396.01,65.32,506.07,33.56,17.7,78.0922507740978
620,426.43,64.94,511.59,22.77,19.05,77.840740748491
621,496.46,71.67,506.02,23.78,18.54,77.812866166947
622,468.18,60.39,499.39,37.14,20.35,81.9722182381982
623,414.54,63.83,471.22,37.01,20.2,79.9251169356581
624,604.84,63.33,425.31,24.95,20.86,77.4476803318048
625,408.96,64.41,410.76,40.17,19.99,77.2908697925305
626,403.39,69.81,481.78,26.01,19.19,76.9829821817987
627,410.23,67.59,523.99,34.1,20.46,82.1981138351501
628,504.22,70.2,512.51,21.19,18.79,77.9341354652571
629,542.63,66.71,529.89,28.96,19.3,81.2897626170356
630,480.15,62.97,624.89,35.84,19.7,87.3635648563969
631,502.93,75.33,455.46,27.95,16.75,74.2783353561091
632,346.62,73.09,472.38,17.08,21.38,76.5445080257839
633,417.19,55.89,443.52,37.17,20.82,79.2678867088781
634,564.62,60.59,450.62,33.33,19.2,78.3196266298535
635,465.63,57.48,410.19,46.61,20.4,79.5207229429938
636,522.57,64.45,440.81,26.73,21.39,78.4688138933181
637,365.65,66.42,469.64,30.11,20.83,78.6808280059467
638,407.76,62.65,463.12,30.13,21.95,79.9240482959693
639,490.16,68.75,446.8,19.41,19.02,74.4153859168253
640,511.14,73.54,514.14,22.92,17.48,77.0189405399429
641,275.67,66.66,519.74,32.57,20.25,80.306267082453
642,251.43,66.27,521.58,24.27,19.74,77.9191370398088
643,416.07,70.99,636.3,37.93,16.37,84.2313846552811
644,477.3,68.91,535.76,26.58,16.36,77.3632484058328
645,557.14,64.2,510.56,28.48,19.39,80.4451460415156
646,452.28,68.4,354.59,41.63,19.81,74.962568311321
647,508.39,72.28,443.12,34.34,20.32,78.8898505643555
648,626.57,75.41,507.22,18.13,20.11,79.4919472352122
649,517.51,63.42,501.32,18.01,17.84,75.8018766819989
650,513.48,62.26,496.91,33.46,21.43,82.6322918702413
651,386.46,65.68,437.97,35.8,20.89,78.5227140691043
652,553.89,58.9,489.98,35.24,19.98,81.4317870905687
653,493.2,59.25,549.43,35.52,19.09,82.9834550703049
654,330.99,61.56,487.47,33.39,18.96,77.940516560243
655,546.47,78.43,514.34,13.34,19.01,76.9890337909584
656,438.74,66.06,484.49,30.68,18.61,77.7602385135206
657,434.62,65.12,540.18,34.84,19.99,82.858028788747
658,440.1,67.33,524.27,20.5,19.66,78.7758382777138
659,473.19,63.82,523.85,33.85,18.39,80.4357261687678
660,376.68,61.21,559.33,31.79,19.61,82.2810102592127
661,568,68.15,477.54,22.12,21.23,79.5546379161328
662,488.49,61.43,414.28,29.2,20.26,76.1506092654189
663,372.81,64.95,512.9,30.04,19.27,79.2011316436234
664,552.45,64.23,545.09,27.6,21.09,83.7809955308287
665,408.85,57.4,479.23,26.92,23.62,81.8732525502596
666,362.21,67.24,521.25,32.25,19.57,80.3112048658088
667,476.88,67.59,474.33,24.12,22.51,80.4228911560061
668,355.96,68.63,523.29,23.45,18.93,77.8416504245064
669,337.81,66.86,563.76,34.91,17.24,80.2635495935714
670,417.91,74.42,503.08,39.05,18.72,80.3692144861805
671,474.68,67.83,477.05,29.1,20.1,78.9726243238412
672,463.95,69.81,490.72,28.76,19.16,78.4787848603935
673,378.55,61.62,448.47,22.14,21.73,77.0496412612834
674,476.15,75.47,497.76,30.76,18.49,78.625074626087
675,389.66,57.28,447.41,31.04,23.58,80.9361334195761
676,502.85,63.61,528.29,34.98,21.35,84.3376987773697
677,497.11,69.16,558.35,24.09,22.63,84.9092327304834
678,379.79,69.86,545.41,26.84,18.9,79.8181201743686
679,346.56,73.59,554.21,24.13,22.36,83.1492679409927
680,414.04,72.84,565.88,21.7,19.74,80.967772691326
681,352.26,60.77,508.31,26.31,21.8,80.7553078429368
682,500.72,67.13,537.88,27.35,21.69,83.5805942806061
683,347.56,56.8,499.61,37.12,20.55,81.1772596696274
684,314.92,61.62,467.21,41.21,19.43,78.925567130491
685,307.25,62.31,527.04,38.03,21.68,83.6147301581666
686,501.56,67.32,462.4,29.37,18.62,76.9267574387664
687,445.37,68.21,520.6,24.84,20.57,80.520963807422
688,254,59.79,546.05,31.44,19.71,80.6185680355624
689,324.91,69.28,467.7,19.54,19.22,74.3068983330173
690,437.67,64.5,452.2,33.64,21.86,80.2633708118387
691,498.77,62.01,536.85,28.49,22.17,84.267705138876
692,413.45,62.18,457.21,34.95,18.69,77.1588854636507
693,420.23,69.05,537.76,28.42,17.77,78.8858626295774
694,577.42,59.65,445.78,36.23,19.5,79.1122972624185
695,388.17,68.09,489.09,26.66,17.81,75.8645255135969
696,349.36,71.26,489.71,33.67,21.92,81.4609213343317
697,490.52,76.76,479.59,23.33,21.19,79.211339098344
698,484.76,67.23,548.47,23.38,20.68,82.0594525605366
699,286.85,62.83,542.19,39.77,22.88,85.8554044881492
700,405.17,71.79,462.71,30.38,22.6,80.6353738377106
701,555.7,68.34,498.53,33.89,16.8,78.1602990133036
702,335.1,65.71,431.51,37.33,19.18,76.2387720145866
703,419.66,78.27,517.67,32.9,17.71,78.7443132554633
704,440.15,68.74,489.35,26.08,19.22,77.7177782656173
705,512.7,67.44,518.06,32.46,19.5,81.3897923930814
706,407.44,56.79,560.7,30.4,21.27,84.112269893786
707,466.05,65.37,502.1,23.48,22.9,82.005258721784
708,437,70.58,570.01,30,20.62,84.0414242019436
709,555.17,72.11,506.37,27.02,19.89,80.4560042018981
710,427.35,74.58,512.26,23.92,21.29,80.5389894763702
711,443.27,61.04,531,33.55,20.07,82.2913976786974
712,477.47,67.03,639.14,25.28,18.34,84.3905523783733
713,415.28,65.16,568.23,29.44,21.55,84.6570326588267
714,402.89,73.44,548.27,14.45,22.24,81.1881355684111
715,419.47,60.4,498.3,13.49,21.77,78.1278969272737
716,486.53,62.02,485.3,39.77,19.59,81.149760460444
717,364,61.41,553.77,28.59,17.81,79.2887796722725
718,402.67,66.53,542.36,17.53,20.61,79.7714027502202
719,397.77,68.7,550.07,34.29,21.48,84.5349091132198
720,486.09,62.72,510.67,40.89,19.78,82.8496651995056
721,575.27,70.91,446.82,33.55,19.87,78.9888702736732
722,484.73,60.93,496.54,35.5,17.47,78.5199055897463
723,460.33,75.35,503.7,28.5,22.02,82.1294392771408
724,380.75,71.29,515.56,31.02,20.18,80.586784966572
725,425.79,72.85,476.53,32.25,16.59,75.3991682621557
726,479.27,64.91,484.62,29.74,22.97,82.6203245090383
727,442.88,66.29,441.67,36.16,18.19,76.3433226428135
728,497.3,64.49,447.6,24.38,18.83,75.3426612786062
729,343.97,59.26,554.5,29.39,17.57,79.0632678262102
730,479.81,65.8,499.66,39.94,15.96,77.9260962375372
731,342.94,62.11,546.14,29.49,18.66,79.8349261481326
732,394.31,66.79,473.17,34.26,20.24,79.323759316048
733,356.18,72.63,504.18,27.64,19.07,77.9113461018476
734,444.04,72.3,483.75,33.21,20.02,79.8156704004629
735,462.31,65.08,426,38.66,22.71,81.124204057005
736,474.26,67.05,517.02,36.02,20.37,82.6921748773813
737,498.71,63.22,469.06,35.23,18.38,78.193009916654
738,510.89,68.68,558.96,23.87,18.68,80.7459893362865
739,452.14,75.57,579.45,30.76,18.06,82.0343692312342
740,538.8,57.02,494.62,27.38,18.15,77.9279374401649
741,528.06,64.93,522.08,40.25,20.71,84.6441634016395
742,545.65,66.14,483.97,31.65,19.26,79.539486107567
743,347.88,71.73,570.28,29.41,20.86,83.4395294110669
744,369.44,71.3,569.25,39.05,20.54,85.2267395772068
745,308.65,70.92,479.08,33.87,17.21,75.5438610524463
746,488.99,54.1,446.35,22.87,23.29,79.7113882292532
747,463.37,57.59,538.41,33.21,20.37,83.0839732967197
748,543.09,72.81,480.47,24.06,19.15,77.6481094138501
749,381.4,68.25,478.52,32.08,19.94,78.7051467077019
750,510.41,65.83,496.33,30.64,17.64,77.900232955072
751,426.19,64.17,533.04,32.53,22.05,84.1747579119206
752,518.98,57,484.65,28.09,20.19,79.6129991566244
753,440.74,64.08,453.08,38.31,21.48,80.8928748467381
754,420.01,68.1,541.42,41.73,20.41,84.6810499211489
755,478.61,67.1,557.23,36.09,19.13,83.4111197454274
756,377.94,69.84,500.01,30.85,20.59,80.1944898910906
757,535.46,64.48,550.75,34.89,20.22,84.4949283542893
758,370.64,66.18,567.97,23.87,17.62,78.867914152237
759,303.03,60.16,469.35,34.15,21.03,79.1930108447025
760,510.95,66.79,476.89,24.49,22.29,80.6774258974943
761,412.93,59.52,530.76,41.73,18.13,81.6280218476427
762,459.98,67.28,500.75,27.41,21.71,81.4182424807636
763,344.15,69.08,525.81,21.81,19.94,78.6174848630762
764,408.81,65.43,460.45,39.54,18.36,77.8784580399564
765,586.04,80.14,435.41,27.05,20.68,78.0348544213162
766,415.48,57.22,524.17,19.48,20.04,78.7615104657594
767,569.1,70.99,521.69,22.01,16.21,76.3246434043018
768,506.88,61.57,433.56,33.86,20.03,77.9873314786787
769,428.22,66.13,497.76,22.18,20.61,78.7273398481761
770,538.25,65.59,529.91,38.92,19.75,83.8082249276552
771,446.19,67.78,523.41,34.14,20.21,82.2109931732941
772,305.19,63.24,477.79,32.77,21.56,79.9179151141125
773,481.5,75.27,455.82,30.57,18.1,76.1170467326353
774,381.06,76.08,511.15,33.21,19.95,80.5759035244592
775,468.81,69.15,570.02,30.46,19.78,83.4990203047718
776,381,71.34,458.59,36.56,19.14,77.7741425270054
777,409.41,61.14,476.53,37.29,19.1,79.0174274754975
778,383.94,71.63,507.82,15.61,21.41,78.3548101217844
779,513.91,59.8,546.16,25.69,19.86,81.7846673047266
780,456.9,70.93,502.55,28.34,17.39,77.0115356391691
781,533.45,61.13,428.63,31.21,18.76,76.0440920494406
782,492.75,71.5,495.72,32.11,18.98,79.4727104248845
783,330.17,67.71,508.71,30.33,18.58,77.9476378707019
784,412.06,66.57,522.75,22.88,20.72,80.1020556570961
785,360.91,71.21,450.57,42.88,21.18,80.7193807430907
786,378.16,58.82,462.9,33.73,18.56,76.75132325164
787,310.41,69.04,527.76,32.25,18.41,78.9467008057624
788,504.03,71.49,518.46,40.84,19.65,83.2389984084921
789,465.31,73.23,507.18,29.62,20.14,80.5481452205195
790,431.26,53.25,380.84,33.84,23.82,78.8061140591917
791,347.68,66.08,508.22,37.25,21.34,82.4877353682583
792,156.05,59.99,489.75,28.91,21.13,77.990457167681
793,489.39,72.05,426.38,37.57,19.62,77.8094259503677
794,362.73,69.28,482.62,29.94,19.3,77.6168228333817
795,421.39,55.97,451.86,29.25,18.96,76.0665608107608
796,572.9,59.42,502.12,36.12,19.7,82.0784202689298
797,460.78,64.28,560.54,31.2,15.11,78.0704051081464
798,499.75,67.2,536.88,30.68,17.57,79.7663522359575
799,453.78,58.24,442.83,26.21,20.58,77.0067697566455
